{
  "replace": false,

  "_comment1": " This biome tag can specify the biome directly. Or specify another biome tag by starting with # ",
  "_comment2": " An entry can also be expanded to have a 'required' field set to false. This entry will be skipped if the tag or biome doesn't exist. ",
  "_comment3": " This is perfect for supporting modded and datapack biomes! Fabric provides `c` tags that you can use. ",
  "_comment4": " Fabric `c` tags: https://github.com/FabricMC/fabric/tree/1.21.1/fabric-convention-tags-v2/src/generated/resources/data/c/tags/worldgen/biome ",
  "_comment5": " Minecraft `minecraft` tags: https://github.com/misode/mcmeta/tree/b7e7f5282f9cc2ca1bd01e9a4911beab4725cb4b/data/minecraft/tags/worldgen/biome ",
  "_comment6": " Please use `c` and `minecraft` biome tags as much as possible to maximize mod/datapack compatibility. ",
  "values": [
    "#minecraft:is_jungle",
    "#minecraft:is_forest",
    "#minecraft:is_taiga",
    "minecraft:desert",
    "minecraft:plains",
    "minecraft:snowy_plains",
    "minecraft:sunflower_plains",
    "minecraft:savanna",
    "minecraft:savanna_plateau",
    "minecraft:windswept_savanna",
    {
      "id": "#c:is_jungle",
      "required": false
    },
    {
      "id": "#c:is_forest",
      "required": false
    },
    {
      "id": "#c:is_taiga",
      "required": false
    },
    {
      "id": "#c:is_desert",
      "required": false
    },
    {
      "id": "#c:is_plains",
      "required": false
    },
    {
      "id": "#c:is_snowy_plains",
      "required": false
    },
    {
      "id": "#c:is_savanna",
      "required": false
    }
  ]
}